{"oBeta":[[[5463,0],[5513,0.0007309447823162982],[5564,0.0021142044712872928],[5625,0.0034396014694580953],[5675,0.006860654043563841],[5726,0.007889171805260867],[5776,0.007186784111269004],[5810,0.005226948321386537],[5827,0.005226948321386537]],[[14301,0],[14351,0.003222062635742478],[14401,0.003949197945277305],[14452,0.007475481326725565],[14502,0.009763777683035792],[14553,0.010301090260790366],[14576,0.009568949044436673],[14603,0.009568949044436673],[14654,0.0035873767179484084]],[[48482,0],[48532,0.0004430699909222192],[48583,-0.0005556153105664584],[48593,-0.0005556153105664584],[48634,-0.002474339179208979],[48685,-0.0030526518037253445],[48735,-0.0013472476461357037],[48785,0],[48836,0.0000253704470217839]],[[52928,0],[52978,0.0022749780355439558],[53028,0.0017230281975264697],[53048,0.0003755386193052206],[53079,0.0003755386193052206],[53129,-0.0005917360743121868],[53180,0.0008471567695506523],[53230,0.0015021037033384804],[53280,0.0021509922813016716]],[[65111,0],[65164,0.0000060264042658772256],[65213,0.0000060264042658772256],[65267,0.23343291516086082],[65317,0.23412988522275371],[65344,0.23412988522275371],[65368,0.23443795891699587],[65418,0.23504935169378982],[65469,0.23504935169378982]],[[69853,0],[69904,0.0017294008388580788],[69954,0.0030640284838459784],[70012,0.003577167226323002],[70063,0.0025531313107642795],[70114,-0.000342165992949993],[70149,-0.003242039184205383],[70169,-0.003242039184205383],[70220,-0.003239505911722694]],[[74985,0],[75036,0.2741527926157563],[75087,0.2746121869615616],[75119,0.27451310770361526],[75137,0.27451310770361526],[75187,0.27351977653562104],[75237,0.2726742640797555],[75288,0.27218972002355146],[75338,0]],[[89616,0],[89666,0.00000879320193175588],[89717,0.24538670946968147],[89743,0.2456720429150508],[89767,0.2462980359009112],[89818,0.2468380419225681],[89868,0.2467917819655827],[89919,0.24693034159403232],[89969,0.2467018155067412]],[[100566,0],[100617,0.004548047946269188],[100667,0.008410290707387781],[100719,0.007915503799398572],[100769,0.00846359767914847],[100819,0.009448968897042795],[100870,0],[100897,0.012115123765826713],[100920,0.0000015742189667191785]],[[129139,0],[129189,0.0033162899040878498],[129240,0.007356355312621845],[129291,0.00793771098514016],[129341,0.009144221127858563],[129391,0.008560802513688159],[129436,0.007224496267689457],[129444,0.007224496267689457],[129494,0]]],"oGamma":[[[5463,0],[5513,0.0030131599502979316],[5564,0.0070372600617553994],[5625,0.008109674881491082],[5675,0.014706214654175554],[5726,0.01844514640174323],[5776,0.0223832643454626],[5810,0.023466083741678606],[5827,0.023466083741678606]],[[14301,0],[14351,-0.0058561807132163635],[14401,-0.005940455328699422],[14452,0.002262701442784162],[14502,0.006264044425639168],[14553,0.018956960207907558],[14576,0.023844627074380453],[14603,0.023844627074380453],[14654,0.039544397568951006]],[[48482,0],[48532,-0.0003580550877998097],[48583,-0.003230974460829314],[48593,-0.003230974460829314],[48634,-0.0008383013404444029],[48685,0.00004295236751072906],[48735,-0.004141461616500268],[48785,0],[48836,-0.00013987444497991423]],[[52928,0],[52978,0.0013990439261495247],[53028,0.0023490497179769537],[53048,0.0027786175489489177],[53079,0.0027786175489489177],[53129,0.003918215340333919],[53180,0.0031224770950480855],[53230,0.0016172592051272576],[53280,0.00043489095269689436]],[[65111,0],[65164,-0.000009941039341547473],[65213,-0.000009941039341547473],[65267,0.09049447727617238],[65317,0.09078062904542361],[65344,0.09078062904542361],[65368,0.08838656807135502],[65418,0.083205260627197],[65469,0.083205260627197]],[[69853,0],[69904,0.007932169807526139],[69954,0.015665384319297697],[70012,0.011179824077085539],[70063,0.0026341328794735634],[70114,-0.00828884653359994],[70149,-0.01153229732026156],[70169,-0.01153229732026156],[70220,-0.017504195388609724]],[[74985,0],[75036,0.12219060139245667],[75087,0.12073746662161684],[75119,0.1190675183761525],[75137,0.1190675183761525],[75187,0.11756523316864333],[75237,0.11573420543962117],[75288,0.1113985805719693],[75338,0]],[[89616,0],[89666,-0.00008770733805257357],[89717,0.08668858657526964],[89743,0.0886049030263755],[89767,0.09152368852735589],[89818,0.09694518824595592],[89868,0.09929011002041206],[89919,0.10804477336918386],[89969,0.11150278692350922]],[[100566,0],[100617,-0.012316446592131314],[100667,-0.021089535509123528],[100719,-0.023606096136807656],[100769,-0.024921228052863526],[100819,-0.02829405306736034],[100870,0],[100897,-0.04478865220189607],[100920,-0.000033192274971783634]],[[129139,0],[129189,-0.002130515952599874],[129240,-0.004075811179833922],[129291,-0.003973582923277696],[129341,0.001565183791682228],[129391,0.0066698634602640906],[129436,0.009075283467898895],[129444,0.009075283467898895],[129494,0]]],"aZY":[[[5463,0],[5513,0.014513759514815658],[5564,0.0036476766690940804],[5625,0.013478518655984841],[5675,0.001142648182279702],[5726,0.018697123409090168],[5776,-0.0028604938736318335],[5810,0.004878258951515769],[5827,0.008758172221957558]],[[14301,0],[14351,0.009558030799730412],[14401,0.04032121758610159],[14452,0.02319612427530908],[14502,0.0033298252969679544],[14553,0.026890512048905923],[14576,0.03587575494357868],[14603,0.03587575494357868],[14654,-0.001307373173440195]],[[48482,0],[48532,0.027080037315324774],[48583,-0.008421793108931094],[48593,-0.007783760148833205],[48634,-0.004070964952906148],[48685,-0.007086927899911427],[48735,-0.005233737608459371],[48785,0],[48836,0.0009951504727796529]],[[52928,0],[52978,0.023979530911036134],[53028,-0.006749263906236811],[53048,0.004855801031173843],[53079,0.001015383847732948],[53129,-0.008197324987685946],[53180,0.001305552433681989],[53230,-0.002707532315191591],[53280,-0.009159097144061667]],[[65111,0],[65164,-0.00005593400022949674],[65213,0.00015298794554304516],[65267,0.008616895171180448],[65317,0.012985365708946706],[65344,0.01014256370944917],[65368,0.008452123726099532],[65418,0.010598272946151382],[65469,0.012977727089072893]],[[69853,0],[69904,0.010179718134990379],[69954,-0.002283563287714846],[70012,0.05358147168423366],[70063,0.031733783339625184],[70114,0.008276002130816449],[70149,0.03298225569310749],[70169,0.019429627433640618],[70220,0.003888697790739112]],[[74985,0],[75036,0.013542466619604773],[75087,0.015458095817823014],[75119,0.039193260903293295],[75137,0.04133618969223842],[75187,0.01223137877377329],[75237,0.006734803636734454],[75288,0.004772036343045162],[75338,0]],[[89616,0],[89666,-0.000037338073414640985],[89717,0.019557839497143664],[89743,0.002099904841111391],[89767,0.060524906424334377],[89818,0.021346470347613736],[89868,0.021695932104872483],[89919,0.01506285093122225],[89969,0.020164134732903977]],[[100566,0],[100617,0.0016117821312651825],[100667,0.031096732333277883],[100719,0.023017556483656953],[100769,0.014383783911602019],[100819,-0.0024097886116505375],[100870,0],[100897,0.014365904689550235],[100920,-0.00033097030557087094]],[[129139,0],[129189,0.015727974202291363],[129240,0.01692427686777495],[129291,0.02103339610654643],[129341,0.0005208704150916801],[129391,0.003541768837966616],[129436,0.00377739238067597],[129444,0.004623093069138729],[129494,0]]]}

{"oBeta":[[5810,0.005226948321386537],[14576,0.009568949044436673],[48593,-0.0005556153105664584],[53048,0.0003755386193052206],[65344,0.23412988522275371],[70149,-0.003242039184205383],[75119,0.27451310770361526],[89743,0.2456720429150508],[100897,0.012115123765826713],[129436,0.007224496267689457]],"oGamma":[[5810,0.023466083741678606],[14576,0.023844627074380453],[48593,-0.003230974460829314],[53048,0.0027786175489489177],[65344,0.09078062904542361],[70149,-0.01153229732026156],[75119,0.1190675183761525],[89743,0.0886049030263755],[100897,-0.04478865220189607],[129436,0.009075283467898895]],